age,job,marital,education,housing,loan,contact,month,day_of_week,duration,campaign,pdays,previous,poutcome
57,services,married,high.school,no,yes,telephone,jun,thu,267,1,999,0,nonexistent
23,blue-collar,single,basic.9y,no,no,cellular,jun,tue,159,1,999,1,failure
32,technician,single,professional.course,no,no,cellular,aug,fri,87,1,999,0,nonexistent
26,technician,single,high.school,unknown,unknown,telephone,jun,wed,105,1,999,0,nonexistent
35,admin.,single,professional.course,yes,no,cellular,nov,fri,397,3,999,0,nonexistent
36,blue-collar,married,basic.9y,no,no,cellular,may,wed,951,3,999,1,failure
36,blue-collar,married,basic.4y,no,no,telephone,may,tue,43,1,999,0,nonexistent
57,unemployed,married,basic.4y,no,no,cellular,jun,mon,651,1,999,0,nonexistent
44,blue-collar,married,basic.4y,yes,no,telephone,jun,mon,299,4,999,0,nonexistent
24,blue-collar,single,basic.9y,yes,no,cellular,jul,fri,545,2,999,0,nonexistent
